,file,brand
0,test_images/2382afd2208b4f08a8758cbfa84b7ab2.jpg,Starbucks
1,test_images/014baffbb4064ac9871a8c18643dedaf.jpg,Yahoo
2,test_images/96e9dd37bccd4a9e908f31d331468e04.jpg,Apple
3,test_images/a6541d71d57247e4a78ad72e31d24607.jpg,Cocacola
4,test_images/022a8fba5d4e4c0d8ce5fc10eadd61b8.jpg,Adidas
5,test_images/228ddef65d3147339669d3ff9a93f09a.jpg,Starbucks
6,test_images/c13eafe7303444f093df8225a6034af5.jpg,Puma
7,test_images/b31e3a985737413b9e0241476c247f57.jpg,Pepsi
8,test_images/ad285d96b2b44ef9951d29340c7e193d.jpg,Heineken
9,test_images/296f89362d3c422cb18b6282426ae55b.jpg,Ford
10,test_images/835956ec598b486ea8aff0b8675712d4.jpg,BMW
11,test_images/4ffb919b7bfd498ea485754d937e91b5.jpg,Ford
12,test_images/d54a352a2cce49c3b0f13b805c17d00d.jpg,Ferrari
13,test_images/ed1d9c1e91b44525b4441bf92a88251c.jpg,Porsche
14,test_images/6575fdf9c2a648be92041b73e98200cf.jpg,Puma
15,test_images/3920185a4a05484c8f31337ddcde4dad.jpg,Texaco
16,test_images/e4f9e001b0ee47f7b7c2dea0b8d61081.jpg,Puma
17,test_images/f35372a4098242f1a5d027e848f9636c.jpg,Fedex
18,test_images/4620f286c7aa4ab9b9f1cd8ee93b1a19.jpg,Vodafone
19,test_images/f37f37e1271d473894d4aa7f8380562d.jpg,Cocacola
20,test_images/60695b2e81fe4512aadbdba72b4d1fe8.jpg,Pepsi
21,test_images/1de6841958e746018ff3051ff3bb82c7.jpg,Mini
22,test_images/78430b249c8f49799585463701ae0245.jpg,Citroen
23,test_images/6b85de0fa59046adaf7beb101aa63169.jpg,Starbucks
24,test_images/95a7a2199e8f49ef8478f6a5eabcc893.jpg,Fedex
25,test_images/04400d08fce84bc8a68c1e94a4f5dfbb.jpg,Yahoo
26,test_images/e5102c0a756247bc9592e03f4a523fed.jpg,Adidas
27,test_images/f3c9a7a6f5f741cfa0532f27ced62d5e.jpg,Puma
28,test_images/f28c4ced42c2401080fb12e9d4647411.jpg,Apple
29,test_images/d6b5446dbddb4c37beb1c571160464b6.jpg,Porsche
30,test_images/046fbf9195de44d19d133ff9f6c895bd.jpg,Google
31,test_images/9556ff3823f840ccadbf1378a251c656.jpg,Yahoo
32,test_images/3b8a2a806b7c41a391679ff02322188a.jpg,Pepsi
33,test_images/8104e1468941446281e5aa3ce92125be.jpg,Yahoo
34,test_images/134dc011dbaf425c964b79cca6ca9f1d.jpg,McDonalds
35,test_images/da7d1bfe1e3d41efb4474b43b802dfef.jpg,Ford
36,test_images/31b3f84c748847a58f237c1d269530e7.jpg,RedBull
37,test_images/3ed4d4d67caf44c3ab7d2f503ef77f23.jpg,Intel
38,test_images/7b45663e008e46bc854398ae5482ee42.jpg,Citroen
39,test_images/d8bd6d7c238b4f669e1602bf9f0237ac.jpg,Citroen
40,test_images/d84d68a542674c6385807e9362fee79f.jpg,Intel
41,test_images/1d52f9ef2e244390afe654d97babfd7b.jpg,RedBull
42,test_images/33e0ed29362744798ced290dd18025aa.jpg,Citroen
43,test_images/d628eeb9905a41dcb11cb415c09e39c9.jpg,Sprite
44,test_images/e153f96d2be342ad915b8ed0f7c29346.jpg,Google
45,test_images/86383586901544b19f509073ae3b703a.jpg,Intel
46,test_images/2636a56590794603a587a2b87a4f3e24.jpg,Mini
47,test_images/55c5bd5a95c64112b602fe2d6475e8b8.jpg,Fedex
48,test_images/73f1b715d1804826ad37decc115ce6e5.jpg,Mini
49,test_images/2e3b75e48b8245d592fcf3c90ab4a758.jpg,Nike
50,test_images/d7c8b506722546298611f1fd170bc052.jpg,Adidas
51,test_images/0c380768cfb14a96a253e88aefba42b5.jpg,Porsche
52,test_images/807bf0c22f96499a922b65d9d1978b1d.jpg,Yahoo
53,test_images/de0623d93ef2487b92e080d8d1a05a19.jpg,Citroen
54,test_images/bf3cd469bde045d9b5ef0f491398a955.jpg,Texaco
55,test_images/e4c56c6edad14d6f8497e3356cd815b7.jpg,Apple
56,test_images/f24f6f13528d4832abe1a97ae7a237d7.jpg,Cocacola
57,test_images/518a6825c2154d2b897905286c558900.jpg,Adidas
58,test_images/a2e2a204f3ef43f5b50696b4396d90fa.jpg,Vodafone
59,test_images/3b3476bda32446998728e46cc4472c8c.jpg,Sprite
60,test_images/4975ec2e96df46d799d7f0d9017efa07.jpg,Citroen
61,test_images/52a88f591ac8437d9088521132c496df.jpg,Adidas
62,test_images/a7fcf0d41c594129a9f514cb3fed3c4a.jpg,Pepsi
63,test_images/e77d53677f3440f9a2ebbc5802eb3303.jpg,Pepsi
64,test_images/fd4a9b8a94c3404abee7681627e060e1.jpg,HP
65,test_images/65c18629fe424d67bc5f7bd067baafb0.jpg,HP
66,test_images/e9d5db1e8a9a4d50b4d1bbdf0f21d592.jpg,Yahoo
67,test_images/2e28ddc47ca1499cb81a2c8baca5f402.jpg,Pepsi
68,test_images/33e952d475d34ef8a7c76287035323d3.jpg,Cocacola
69,test_images/f8ec33e0ec9a43a1b016389b46ad245b.jpg,RedBull
70,test_images/2639cc5b57604203b265b9f678ac02f7.jpg,Sprite
71,test_images/a9a3b25993214bb6964560acc969b6ac.jpg,McDonalds
72,test_images/40d4d2e08661400b834d401065511313.jpg,Cocacola
73,test_images/15db845ad9b04245a1afe25de0db9eb0.jpg,Citroen
74,test_images/bb0305a92ec84ac496b4c243236911b1.jpg,Ford
75,test_images/66222d751b75438eab941bdd6cffdddf.jpg,Unicef
76,test_images/5dabf526878244ae8bc67263c778ea7e.jpg,Fedex
77,test_images/105e588bc44f446b95cc89e4d9f70585.jpg,Cocacola
78,test_images/ebf8bcb41fbf44ceaabe8014349f4855.jpg,Apple
79,test_images/bbd78d68c2c44dbbafcf49662c81885b.jpg,Texaco
80,test_images/7a4f87520c8b46b4b655301fc808dba8.jpg,Yahoo
81,test_images/7c3e4fbe539b4e1992c0822b6042bb31.jpg,Pepsi
82,test_images/279d709e83b042e6b75f292d80af0174.jpg,Sprite
83,test_images/c2792621a4644335b6e7e9681da571d4.jpg,Ford
84,test_images/2bdba5c6712c4ea4805c7e6f1163fc9e.jpg,Cocacola
85,test_images/fe814dae599f4b96924c07ff5ba70a95.jpg,Google
86,test_images/16ac35ee3493426b878faf6c81ccc2b8.jpg,DHL
87,test_images/f5ad42b987e04513b8212cbb59ee57fc.jpg,Apple
88,test_images/1079d6f50ab94aa995163fa2c2dc5e5e.jpg,Apple
89,test_images/46c6af2b93ab4239a06da037d9334674.jpg,Apple
90,test_images/1370a724618045d59a18de66bd4b625d.jpg,Citroen
91,test_images/f9a99c68212347c39a9ed78a01cc0083.jpg,Citroen
92,test_images/6391cf6daa684076b7a0175e640fe2e9.jpg,Vodafone
93,test_images/5868f009ef6144ec97907a2ecabefe3e.jpg,Pepsi
94,test_images/41385e754b9e4f33b8edffec85ec1774.jpg,Texaco
95,test_images/ee0a2e26f2d24346afa5f3712c5b466e.jpg,BMW
96,test_images/6b044fa255404cac97772f83aa43feec.jpg,Nike
97,test_images/edd8f5a35a674a7d90f4aa3ad76b0d5a.jpg,Sprite
98,test_images/b537cf80d9f947fa8c36a8c98838cf84.jpg,Puma
99,test_images/cce49a14259f4a14b0d54160e439e6e2.jpg,Adidas
100,test_images/c915c6f5b0024adba2369ad5651bee7c.jpg,Unicef
101,test_images/2aa725c65b1e40e7be18b5da1bb65a22.jpg,Starbucks
102,test_images/780634ff267148f8ae85e17c224912eb.jpg,Porsche
103,test_images/ee05a6d61a9b4377a2c3a7f98f86d0cb.jpg,Google
104,test_images/7725d93a80eb4c82a8e5d0b6976fb9ed.jpg,Puma
105,test_images/00e1a304420847ea831c6ed739c9435a.jpg,Pepsi
106,test_images/a6dc2dea125d496e9354226da7fa3549.jpg,Citroen
107,test_images/4cdfc7dd8b6a4b9da42bac00bfb6734c.jpg,Citroen
108,test_images/1d121e2f73644bf98cbb482191ccf20b.jpg,Ferrari
109,test_images/04aeb554b1d14e56b3209b686a17f789.jpg,Nike
110,test_images/9348852893314448afafd1ceda9e1222.jpg,Adidas
111,test_images/0e811e915f0844db90c1369c68661305.jpg,BMW
112,test_images/b134835bf0474f129670ea9b8fce4222.jpg,Citroen
113,test_images/ce59e617a7b0459f836dc13108bb8476.jpg,Sprite
114,test_images/64a89e6b72174f0685a38fae8097eb25.jpg,Porsche
115,test_images/e5d2013e2b9145dfa886134a2dedd637.jpg,Google
116,test_images/e41d09642501404d86a15c13c8206953.jpg,Ferrari
117,test_images/733ce1ec187d4b8792f7f4775e208f35.jpg,Citroen
118,test_images/1327cf286303401b9ed6ae80f5d62113.jpg,Heineken
119,test_images/1544290a4fd84863b358e1a04f903637.jpg,Adidas
120,test_images/a4b3911e7e5e4a35a6cc877ce2be01d0.jpg,McDonalds
121,test_images/dd4f9b9543e04945abfa64976a1065aa.jpg,Heineken
122,test_images/1b7070abb4b0486b9712f75e480d033a.jpg,Adidas
123,test_images/c0efe033eb7244f9901520199877901f.jpg,RedBull
124,test_images/db3b3cf13aea4cb49227a78f55ed669a.jpg,Google
125,test_images/f159e0c445a546da930a57e2f460a9d5.jpg,Cocacola
126,test_images/33e619fc140644a093657d0f97b386f9.jpg,Puma
127,test_images/160a3132206e43559bd16c0012c20ef1.jpg,Adidas
128,test_images/627568f33e854969bc77ebc958011dd0.jpg,Nike
129,test_images/b82498486968406db495f4893fd72ffc.jpg,Vodafone
130,test_images/cde81c021b57422c940b1223ae6f8bc6.jpg,HP
131,test_images/b658254e413a492eb6b6c83683a4efa1.jpg,Intel
132,test_images/b2fb10cfbf134f33a04fe7ca89178db6.jpg,Heineken
133,test_images/15125fc965e4451c9105513ecaff4e8d.jpg,Puma
134,test_images/61fbeb912cc4406b89a3c9b9176b4bc8.jpg,Vodafone
135,test_images/19f01abad5274a78b9f64292b4375072.jpg,Adidas
136,test_images/2b13bbdb309748f0bc637f336d453303.jpg,Apple
137,test_images/2da8a6d411d7490d826a929216fd2854.jpg,DHL
138,test_images/b4020ca95e7942f59be9b46800d297cd.jpg,Adidas
139,test_images/bfc077732e1e4a588ea3a671258688fb.jpg,Google
140,test_images/ce33ce6ec6dd4383b779b726514e1cce.jpg,Cocacola
141,test_images/2c007f3940794a1481b9a0ae729a9f20.jpg,Heineken
142,test_images/a1adf2aaeeae4694b40356fe54ed7529.jpg,Ford
143,test_images/d45414c5c52547ce85bec39eaac77a6b.jpg,Porsche
144,test_images/39cb88b8437c404ca3cd3009ffd0fd57.jpg,Unicef
145,test_images/a5e6a09508154a46b180ab8f0d1a6be4.jpg,Vodafone
146,test_images/60405619293941ed9bb55710ef00c200.jpg,Apple
147,test_images/97fea03ceff44e22819ad5788eb3d0ec.jpg,Fedex
148,test_images/de3c1c1447314d8894e70f55cfab9722.jpg,Vodafone
149,test_images/902e685212704661a8c0fe92e4cc898e.jpg,Cocacola
150,test_images/cd8c065e613c4f319723b4f5d182c8e2.jpg,HP
151,test_images/faf18b8c1c624e7b802550e2376f90c8.jpg,Adidas
152,test_images/0ec28ffa18e741c3946537a5275a9993.jpg,Heineken
153,test_images/f8ba680d0d954c3098e90fa6f041898c.jpg,Starbucks
154,test_images/6d0de5e5c5e5461fba72a80ee7c2ae04.jpg,McDonalds
155,test_images/66e8336aba914c599ecf8f9bcc39f7cd.jpg,RedBull
156,test_images/001e874235784dadac6a4b3a5139e0d4.jpg,Cocacola
157,test_images/b422dd484602431095751abfaedec403.jpg,Sprite
158,test_images/03c2e190825a48a9be4f639ad6e059c2.jpg,Fedex
159,test_images/37f8daf848334726b9bde1485a6bc216.jpg,HP
160,test_images/e094c76081164a63a4956f94e384fb52.jpg,Intel
161,test_images/280d9dd23979448c9a9d20e72ddd7ec3.jpg,Mini
162,test_images/81c989b374ce400d8e33d59a35e107ab.jpg,Porsche
163,test_images/5c811fd6728c4365840e734c4724c113.jpg,Pepsi
164,test_images/a89f2a33f9074c51851efa8fe59dd611.jpg,Sprite
165,test_images/e2fff07f6bdb4f19a14693eb87883870.jpg,Ford
166,test_images/527bd6cf97df4f1098662a0287fcfcd5.jpg,Yahoo
167,test_images/8bd93339c5d9443fb7234e8eb228292f.jpg,Puma
168,test_images/36b4cac8cc6841bcbdc0be305147942a.jpg,Ferrari
169,test_images/e7a36b0affba4338acbea61b30569476.jpg,Fedex
170,test_images/c46d42340588488382e8c6b2e0501ed1.jpg,Cocacola
171,test_images/a4dea87e3aca40d9b8af75cbbbca788f.jpg,Pepsi
172,test_images/683a9099464f460fb2822319133164dd.jpg,Sprite
173,test_images/3127c28122ab43ec8b38ca579bc67264.jpg,Heineken
174,test_images/b18d7212da1f43029a61c995426f4eed.jpg,McDonalds
175,test_images/7d1fde0116054ba398fb365d6d46591c.jpg,Cocacola
176,test_images/b90e734989d04ddfa1578d5f9fb4a895.jpg,Adidas
177,test_images/8226a94e438a4c06936759cb0d11fda1.jpg,Ford
178,test_images/23d5d4e7aa614d058344983279c3be34.jpg,Pepsi
179,test_images/e150813340d146cb992dec9cf6f8fd95.jpg,Pepsi
180,test_images/71ebb39e1c474cc0ac77022e8464c0dd.jpg,Adidas
181,test_images/b3e9ac5906954e41b0fe2868319c9a48.jpg,HP
182,test_images/9eede1fe0e364b13b003b3d9b88980f0.jpg,Puma
183,test_images/f473cb72a5634fddab9e92e7f7f306c3.jpg,Apple
184,test_images/de668c053f5b4386bcacbab61247541f.jpg,Puma
185,test_images/57c34392526549acb6f579adc703ce4b.jpg,Citroen
186,test_images/ae91d95a37a84375bc6df12608efb4bd.jpg,BMW
187,test_images/4d80171eb1e04435ab1f66fa327c8875.jpg,Sprite
188,test_images/a363abf1082d4531b8c517c6674527ba.jpg,Citroen
189,test_images/298dee1baa664410b8beb392c33f17f4.jpg,Apple
190,test_images/33f0b2e18b984fe48b5abf28255a337b.jpg,Cocacola
191,test_images/407ca0900db94f67a0fa0d85496e52a4.jpg,Heineken
192,test_images/157b79a0e42b406b8f13c7b4997994da.jpg,Puma
193,test_images/9ce9333ad2a842a59f35c15b6a14c3d6.jpg,Apple
194,test_images/fb88ffe8e96d473dabdd65f97e3ce895.jpg,Cocacola
195,test_images/14a0b19a8248446eba30269b5d10cb88.jpg,Adidas
196,test_images/4ae52bc17d6a4ce882df8df73d3cd1fa.jpg,Adidas
197,test_images/66cbb7ddf00b406fbd4dad60287fff23.jpg,Yahoo
198,test_images/35557883af96486284851391a5697c07.jpg,Ford
199,test_images/34a67ea46bbc452288bed4db7552950e.jpg,Vodafone
200,test_images/87bae58845404da0bd826a7e1072c530.jpg,Starbucks
201,test_images/6a4ec15b4a6944178abce3300d1f7469.jpg,Ford
202,test_images/d12b4b04b08644869b0a6001578dfe56.jpg,Apple
203,test_images/b9f7cba461a54a0b842399fb4e4f8641.jpg,Unicef
204,test_images/03ed17bf22de47b9a13ac6defef83878.jpg,Mini
205,test_images/04b5b6ac6b614cecb449380b09f923a3.jpg,Nbc
206,test_images/0967091ea42d4f929be881b2fde770bf.jpg,Starbucks
207,test_images/7acb2032c6954f24acd96bd8c327bd3b.jpg,Texaco
208,test_images/5808a6b93ada45a4bbae108837e9d27d.jpg,Puma
209,test_images/98dbba89e9c746a3aaf647f58b4d1855.jpg,Nbc
210,test_images/2404e1090eb1433cb9b129b8e110896e.jpg,Sprite
211,test_images/a33bc4a286244e65a602816051506dfb.jpg,HP
212,test_images/51e950af48ce4af393de1c24f354a537.jpg,Adidas
213,test_images/9bf61296c64345318557c9767d1e8f84.jpg,DHL
214,test_images/f1182c5205d94f4cb459a43e6eb2d07d.jpg,Sprite
215,test_images/b2baffa65a544b469ff075b8c380ba57.jpg,Pepsi
216,test_images/153140d1c3dc4055a2853fd8337f0517.jpg,Apple
217,test_images/761de2f3e76d43cebd05701a760e71e3.jpg,Citroen
218,test_images/6be19e1d9afc4eaf94b2169455398156.jpg,Ford
219,test_images/06f0eaa74b3841138bb9d9bb54577781.jpg,HP
220,test_images/ef75b9fb865d4162971bdebfbe086543.jpg,BMW
221,test_images/366530852335409699f468c5ab32b71a.jpg,Intel
222,test_images/405b3099b8c646a9a4a232cc1f3ab5ae.jpg,Adidas
223,test_images/20cfd62bc9124e3ab76e80e6d3484a01.jpg,Fedex
224,test_images/25da6aca7cfd45198bac624b4269d7f3.jpg,HP
225,test_images/4dfb5d42b5eb41afa00f036c2e33cfd3.jpg,Adidas
226,test_images/062f44b9c519498eb1568c2f1728aa01.jpg,Apple
227,test_images/93bc6dbbf4df462ba578097c7a843402.jpg,Heineken
228,test_images/fa49703ca997432f9709374397c9985e.jpg,Pepsi
229,test_images/de7088bff85d4a9eb30ec133b82dfe44.jpg,Apple
230,test_images/0648d73df96649c2907872a0f53232dc.jpg,DHL
231,test_images/a713c0714cd04292a31f38ed5c18bc82.jpg,Google
232,test_images/418d1a9120e24669b2ff9690f72666a0.jpg,McDonalds
233,test_images/b3f88674095d4005b2354c487bd634f4.jpg,Texaco
234,test_images/6a6ebfa53a0845e989d534bd0033443e.jpg,Ferrari
235,test_images/258edc2187df4602a8b50bda34786295.jpg,Texaco
236,test_images/aa7f70acd6934e078f8060517257d56f.jpg,Nike
237,test_images/6d1b11f6a2174ef3bf251fcb0698dbf8.jpg,Pepsi
238,test_images/e2a6ec92e2474e58a0f6dc80d59b4270.jpg,Nike
239,test_images/e54fe93bbc9b449fb9e4afaf0cdb9476.jpg,Unicef
240,test_images/b377ea7f4ae146178746fadf99ca1bd0.jpg,RedBull
241,test_images/b77ec4ff56634887af73394f80d84588.jpg,Nike
242,test_images/9e28d60051454aa38aa965cdcdb89fa7.jpg,Sprite
243,test_images/d30a07f0928341f990c35cc42cc2e5d6.jpg,Cocacola
244,test_images/663b0ef5ec4748b6b1a82a76d42e65e4.jpg,Apple
245,test_images/8ba8d60adfe1471792c2c2e8d99d030e.jpg,RedBull
246,test_images/2a6389f2425049939cb5d8a01369e12d.jpg,Adidas
247,test_images/c4a1469110564db4a2dd7a9ab3ee5fb0.jpg,RedBull
248,test_images/8df7894019d74778b9f2771d95f6821c.jpg,Intel
249,test_images/366d2c0d9fc54b39ad96aa833da328b6.jpg,Google
250,test_images/8e76df874ac74603a31698660598fdfa.jpg,Puma
251,test_images/a536eea4bd0845639f8fac272227efda.jpg,Starbucks
252,test_images/c807e26e146d46f891c06ff949b6bda3.jpg,HP
253,test_images/bd3d7b7d0de1413ab476975f11081b80.jpg,Nbc
254,test_images/bb551bf86e424937b8e87918780b64f7.jpg,Yahoo
255,test_images/3b41191c6dd24fea8e8f78112378fc86.jpg,Citroen
256,test_images/b10b5516a63e4e939332f5e1cfa9ca88.jpg,Pepsi
257,test_images/3ca6a1ae3b2e4a60bf7fff4677fa4557.jpg,McDonalds
258,test_images/ef30c1a3b86c459bac1d77976ec2f486.jpg,Vodafone
259,test_images/c65ab196ad674b018cb8b09bfb25bab1.jpg,Fedex
260,test_images/3e243e26c6c041f997903eaae7475b13.jpg,Ferrari
261,test_images/1dc4bad0ed084f2da48576199de2c62a.jpg,Sprite
262,test_images/e4a65ca9e0e54d63aa583fb28df3af9f.jpg,Apple
263,test_images/d94498b4870b4e6aa76e9a115230e23c.jpg,Pepsi
264,test_images/223b05823c22494688472c8158f6078a.jpg,Citroen
265,test_images/d1abbb54f7bf474b97b1de227d136dba.jpg,Apple
266,test_images/429c8774750942a39fdb495ebd22639d.jpg,Apple
267,test_images/e26a152728ca49f097d30a034b168fac.jpg,Apple
268,test_images/f4702faa8c8f45838126da09ed26eec4.jpg,Starbucks
269,test_images/ce7793b2f9e740df8cb801b38a830547.jpg,Pepsi
270,test_images/ef8cbd9521c14a31aeca5fba1968c700.jpg,Adidas
271,test_images/70f801991cf54fe2851bef924d898bdb.jpg,DHL
272,test_images/504206c0672645e6943b2a022708b49a.jpg,Google
273,test_images/e667546cf0d4449ba2ed0f0a23eb57d4.jpg,HP
274,test_images/dfa2241bc2b142e2ab7681c9de267a02.jpg,DHL
275,test_images/8078f159968b45ff892e516de5810bb9.jpg,HP
276,test_images/3c7d172592014c01af224e0835b45396.jpg,Apple
277,test_images/2f0104cbe7034a30912bf4e645b36edc.jpg,Fedex
278,test_images/925773c600b945238b00d5e016257e45.jpg,Sprite
279,test_images/5a3af3a1394f4e27828ef639090cad9a.jpg,Sprite
280,test_images/25b2b1e9e8ed4044a01f0b6f552c6702.jpg,Mini
281,test_images/1de09237cb254889976fad11f7b6d589.jpg,Puma
282,test_images/3228cf34f76642f9a8284edeb635de65.jpg,Heineken
283,test_images/879ec1207126413696d91c98aee47a81.jpg,RedBull
284,test_images/b9293569aa9149ef859bb3c29e802581.jpg,Adidas
285,test_images/8d1fb4b4d47849e69d9fd1e917165792.jpg,Starbucks
286,test_images/4e44c6e17af747c4b13023690ad01c34.jpg,Mini
287,test_images/c0de73bbacae403da500c079c81c8e52.jpg,Intel
288,test_images/a7c8d2976e9b4616ac9bab67bc4531ae.jpg,Starbucks
289,test_images/26f785ab73414e1f850f3809fa26a6b1.jpg,Citroen
290,test_images/7c171ed4d21349c5868d975a761abbf2.jpg,HP
291,test_images/d87bdbba84f14cb0a2c5c18bb50a12bb.jpg,Mini
292,test_images/5fec2cd04d3e48ac96bf5b5a9b121905.jpg,Ford
293,test_images/0d269f5855a74ab69e46a9217cedcf88.jpg,Sprite
294,test_images/a7754d2c97e9491abf127ee21dd40d91.jpg,Ferrari
295,test_images/a9e08628f1ca42249e98c4b276957ca2.jpg,HP
296,test_images/7eabf7f6479d4707a6bcfc6bbacfb48e.jpg,Nike
297,test_images/8133960ff7b64116adcce4bd08e94737.jpg,BMW
298,test_images/9e7d1da163b34f1bba41ab1d839a8547.jpg,Starbucks
299,test_images/dfd78da61cb94b548384dd2619350817.jpg,Vodafone
300,test_images/dc2dd004fdc5405380fbcd725df2144d.jpg,Ford
301,test_images/ea7bb6afcfe14306b405e82568323148.jpg,Vodafone
302,test_images/144e33ad8d0e4365a89b848beea01f8b.jpg,Cocacola
303,test_images/fe54be6d9ad540f2b24d5d22cede2c1c.jpg,Mini
304,test_images/9f9ddc32700542c98b490b337aa9a96d.jpg,Vodafone
305,test_images/5bb8af632aa8442fbe8bb43ce67f9fa8.jpg,Unicef
306,test_images/6cfd61b259d04520947ceb858159964d.jpg,HP
307,test_images/11c55eb811e94ac29e084f85b5539e69.jpg,Apple
308,test_images/3a51bd20c56741d4b7ab3eba57361ce2.jpg,Starbucks
309,test_images/bafc1f011b2b40d5b518d3d3d0b401b4.jpg,Cocacola
310,test_images/63d084b7438a4541a63c5a978e02ad71.jpg,Citroen
311,test_images/b6779fce50d8470ebfb451d647c1b16d.jpg,Unicef
312,test_images/9487749998e0413ea84bcb25e87c4688.jpg,Nike
313,test_images/3deaf377c2754736b9d3aa12b49c41a1.jpg,Cocacola
314,test_images/acf5e46441b940f4a9bd61738c2b735f.jpg,Heineken
315,test_images/102980c3e6254119989f0fb94e503a8e.jpg,Ford
316,test_images/f8634cf489384d16a721eefe438d60a1.jpg,DHL
317,test_images/fd0301b8216345d2b9f8fde0c452aba7.jpg,Google
318,test_images/b9094968f3134bebbdc92c1c97ff407f.jpg,Fedex
319,test_images/6383bc8c19d248bb8b9cc0419ef36a67.jpg,Apple
320,test_images/e7eca143ba6a47f385a584d340fbf3b4.jpg,RedBull
321,test_images/f0cefffffcf148998057a5763b807e77.jpg,Heineken
322,test_images/fd78b4c4d8ce4f989f4301b64e99c543.jpg,Sprite
323,test_images/3f01e9b759cc423f921d76bc6ce46afd.jpg,Citroen
324,test_images/2a1b80fa09224c129ac79604369de3a1.jpg,Google
325,test_images/4b46b5a8d6684f508bba22d02ac6e553.jpg,Cocacola
326,test_images/9e6c2e061afe4f60bcc63765b59e491e.jpg,Starbucks
327,test_images/afd20f6eb0fd49ca836de6f1f8b6d72d.jpg,Ford
328,test_images/0f349e0f47ed40868f3394a9f59ea198.jpg,Heineken
329,test_images/5a1a38fd53e245cdad93a6b7eca83d85.jpg,Citroen
330,test_images/626243464ac948c8a9a9ed5e3ab8d869.jpg,HP
331,test_images/916df026bedd4f5ba12e02eb99d1bd6c.jpg,Unicef
332,test_images/88b29c43cf35404abb0012003ef2a436.jpg,Ford
333,test_images/b4d795c3f16c4127bc076dcbb1b3741c.jpg,Adidas
334,test_images/cb7fe5f6f5a4499e9b87c8e1365e3386.jpg,Vodafone
335,test_images/22748606336644a09592e496ccf95d63.jpg,Cocacola
336,test_images/9d497d30b40245d5aa01599be39a7164.jpg,Fedex
337,test_images/eefd521c2cd74b8fb69f9d086a3a1d61.jpg,Heineken
338,test_images/eab5f41ba54e430e971c1879ae5db1cb.jpg,Vodafone
339,test_images/6ac9c1c5bc2e4b3588ccb754ffbbf47d.jpg,Cocacola
340,test_images/2e4655def5d64845a6e89abe1b645416.jpg,Mini
341,test_images/88cfc9e4ce964451826ab81cbd581e65.jpg,Intel
342,test_images/87aeba75f62f4d31ba01299a0cbfb617.jpg,Heineken
343,test_images/696e2d692272407fbae11c1f5efebd7a.jpg,Cocacola
344,test_images/0b8477e1d2fc4f1395f4dc9d364ffc54.jpg,Pepsi
345,test_images/c919f3978e514ea793be9f942bb23bcc.jpg,Apple
346,test_images/f02e4c4a3bfb47069757e690c02023e7.jpg,Mini
347,test_images/be517a9d67d84463919002923a8333ab.jpg,Nbc
348,test_images/d5cd9489815345e1b9cbf9ea00909123.jpg,Apple
349,test_images/67bbf996ff5b4684b218db12d556cbfa.jpg,Apple
350,test_images/cfe09d2dc80049649d16accf7e7e6224.jpg,BMW
351,test_images/ab7af863a327472ab2d56a54d5b08f7d.jpg,Intel
352,test_images/5cdf9fb04e114e79bf40e5ece657fddd.jpg,Adidas
353,test_images/ea0e2e6e100f495885888a616cf15846.jpg,Pepsi
354,test_images/855c57a87aed4dbdb21e39afbccdd394.jpg,Pepsi
355,test_images/caeb8853de544cd5a8f1a2d3c39de2ec.jpg,McDonalds
356,test_images/8a76cdc5bbce403e9dfed537373ad7c0.jpg,Sprite
357,test_images/d50576dc483a464da83289a148068209.jpg,Pepsi
358,test_images/e8e710076bb44d87a46967358bf4fb34.jpg,Yahoo
359,test_images/e1e107fa4d804f969f01588fbc19523b.jpg,Mini
360,test_images/3c73b43149464e01af83312fcca46d27.jpg,Citroen
361,test_images/10da7aa1f72543bcb0073f34f6bd31f8.jpg,Cocacola
362,test_images/33b2f63fe39d43c79cdcaaa073403535.jpg,RedBull
363,test_images/f9cde67ebdc2402ea9827d1ddc761c65.jpg,Adidas
364,test_images/efff107b4eae4956a7f6a317d789e97c.jpg,Yahoo
365,test_images/5b5c1b943b0946e7a0bc13edc6857268.jpg,Vodafone
366,test_images/ab86c6e12a9b487c95a46915cb12c751.jpg,Intel
367,test_images/8bd692ada0134b62968d67ef59751355.jpg,Nike
368,test_images/e4dc5b9beccf467dae6c40395e114714.jpg,Fedex
369,test_images/00027e5eb234403fb0fd9faee6a6f3c4.jpg,Pepsi
370,test_images/3027132496684065a513e62801b85b83.jpg,Adidas
371,test_images/95dd0b327f3f4995bfe91c2ecd3c3ad5.jpg,Adidas
372,test_images/3c1ed264202b44078e2093ad5fcbe26a.jpg,Texaco
373,test_images/730c63c1400447c5ba9d0e84ce9ce1e0.jpg,Sprite
374,test_images/06624f68993545f9871ea8baf64e6b17.jpg,Heineken
375,test_images/8be7a01421e543ee93c4a290da8b4f76.jpg,Cocacola
376,test_images/868203ddf75043e8806dc652a2c63caf.jpg,Yahoo
377,test_images/cbad508544744658af0b1977a79babbd.jpg,Sprite
378,test_images/e61a4281878941a7a836eea26401286f.jpg,Pepsi
379,test_images/9f09a74822ef4ad3bead2d7074155f8c.jpg,Sprite
380,test_images/4decb575c23540a6ab46ac94e19b581b.jpg,Unicef
381,test_images/cd3512d06e0d4baa97018d1079c6944a.jpg,Mini
382,test_images/8c41abce44e14f4f92f89d5434b270a8.jpg,Nbc
383,test_images/53e1b12012a448ba99ff63a2fcb9d562.jpg,Porsche
384,test_images/149cd2781b174570bf2157d33d6329b0.jpg,Nbc
385,test_images/46cb9f1147624a57a6d946a401cf0b14.jpg,Sprite
386,test_images/c40ac8400b9c4b3d8ac09df54dc21fcd.jpg,Nike
387,test_images/23314ac2044841d6b932d9696586a3a7.jpg,Apple
388,test_images/9c1099de8ab743d698cb18e31be304e4.jpg,Unicef
389,test_images/719ea777e57b4f779b78335c3399a945.jpg,Adidas
390,test_images/59c30c66aebc4d6f8dbb6629ca7e4ad2.jpg,Adidas
391,test_images/7cc9d2cda39b4108a1390e21c78c2fc4.jpg,Apple
392,test_images/c6ae372e69a544e0b951ee8e14fe9e80.jpg,Intel
393,test_images/6fc46e74b39b4205bf3632e2d2631ec9.jpg,Yahoo
394,test_images/dd7bfd0eba564c54bace1304bc835f53.jpg,Cocacola
395,test_images/b742b1a730fd477e96f8233839e7a744.jpg,DHL
396,test_images/ea0dd168916d4f3c8f8f1cfb122a1bed.jpg,HP
397,test_images/b0e394ed069b4772a7975f1b9be1d70c.jpg,Apple
398,test_images/93d4eb91a35e43b292486bc5f8c430b1.jpg,Ford
399,test_images/adb7609b7f4d40df8b1c80b7184b29f5.jpg,HP
400,test_images/ec0ae4b1f34f4dd19a26ded1d6795f8f.jpg,Nbc
401,test_images/e18deccbb26946ab902940ea549cbaeb.jpg,Texaco
402,test_images/5324dc620ff6464abcc269ba5ff418e7.jpg,Sprite
403,test_images/990b80eda6f94541acb258f97f898eb5.jpg,Vodafone
404,test_images/bb37186539c34b42975b7a1f223009a4.jpg,Fedex
405,test_images/6e9caf262c9e419784629a0039fd3a6a.jpg,Apple
406,test_images/55430b36d44242188cf51e3dcfebd588.jpg,Starbucks
407,test_images/1ddacc5532634c218012b34ce9290126.jpg,Pepsi
408,test_images/6f9345e3c407431ab13bfb9743e8994c.jpg,Vodafone
409,test_images/40cb858c2dae42b79c2d89442f1d8b3b.jpg,Cocacola
410,test_images/39859bcf19de4e6d842160e13a4b8407.jpg,Intel
411,test_images/9b806e8a4eee48789072fb7b035716a3.jpg,Apple
412,test_images/f13099b7568b4195a9c76365f4a9b075.jpg,Ferrari
413,test_images/7f8a8eafc9fb40e09fd46461a8bee99e.jpg,Unicef
414,test_images/7c8d80d507b64ebd8e339ea26fcf566a.jpg,Pepsi
415,test_images/013b1d38ddc541c482a3d9ddff08ec09.jpg,Vodafone
416,test_images/b2266e0a46164cba988ac92657702e34.jpg,Vodafone
417,test_images/09d1c28f2295469ab4b475ec3a3068cc.jpg,Mini
418,test_images/5d00af8a26394367bef703fd04af3d67.jpg,Cocacola
419,test_images/47182598f9ab400c93812b391beb367b.jpg,McDonalds
420,test_images/a6356af7b75044cc9fc82aa6d110f5e1.jpg,DHL
421,test_images/71d299a345964ea992f3ab485f9c5b6b.jpg,Vodafone
422,test_images/446b6582e47248a7b3ecce9789fedd36.jpg,Vodafone
423,test_images/2797f893552642ff851a506ec4403974.jpg,Pepsi
424,test_images/46a6e7b7968e4b73a74be6d1e2317ffe.jpg,Nbc
425,test_images/19069f59274f4a2aa13b6b09db3e6cbb.jpg,Sprite
426,test_images/57b0d385af9449fa952101e265140da6.jpg,HP
427,test_images/231a1c5c549648a9ba44071c3a525e00.jpg,Cocacola
428,test_images/6078f9bc032b4c3fa10b52ff099a2e61.jpg,Pepsi
429,test_images/1d69c4f1d2b841ce88efb57446ccf1ed.jpg,Apple
430,test_images/68049ef008cc43839c50f93f13a7530c.jpg,Pepsi
431,test_images/233bcba020ef408287463863cf820067.jpg,Mini
432,test_images/fbbb161bc14f4b51b9502876d9e565dc.jpg,RedBull
433,test_images/97fecdb8c5cb4f72a66db79e274416e1.jpg,Fedex
434,test_images/672af49f71b74c45bfdcd7db88465d6f.jpg,Mini
435,test_images/81ba39774458499dbc4c2add8cd5e7ef.jpg,Mini
436,test_images/bb5224c41bcd4847b4d177b2f6b9f62a.jpg,Puma
437,test_images/907378d0926b4d32b038ff04c3997b2c.jpg,Nbc
438,test_images/73788c47f4ba421a828cd659f6d65772.jpg,Apple
439,test_images/4c61957086334c6fb89b12678c186540.jpg,Porsche
440,test_images/26f8da9cb7954eec8b33e646abf60c91.jpg,Starbucks
441,test_images/6db3a00e357547dbbadc4a59e9ac71d7.jpg,Vodafone
442,test_images/b17efbb8722d4f0ebe34212be4d40938.jpg,Citroen
443,test_images/5c6df2c0a7094644b404286ea9541e1a.jpg,Cocacola
444,test_images/43f70f91a1f245deb75e1d80d337ebdf.jpg,Nike
445,test_images/6f848e980f3644fc819f00b67c9a925a.jpg,Sprite
446,test_images/f99c064029164c6aa898c39e411e5d21.jpg,Sprite
447,test_images/7046a828735b4284ad33c41e364c82e5.jpg,Fedex
448,test_images/8cf7361100ab472e8cb3ceac7c94babc.jpg,Citroen
449,test_images/0ab8ab21fe38420eab2a98a8928564fa.jpg,Fedex
450,test_images/df74f90d73354a2aad2f284c8a45c42c.jpg,Ferrari
451,test_images/e35e20d11bf54f078984515e224ac5e3.jpg,Starbucks
452,test_images/88ad980cdb834cfd8ebb0fb551b9bef5.jpg,Apple
453,test_images/9882bcd899fd4b148ce9fc20a6c68088.jpg,BMW
454,test_images/b4e4d49531fd49d28c8d7415a66f36f8.jpg,Puma
455,test_images/1f6d4cf7252645e9be908f330bd392d3.jpg,Nike
456,test_images/7ee3979c79f1491c9a7bc2b35eb1e55d.jpg,HP
457,test_images/ae0fe0707167422692b0efd628156a67.jpg,Texaco
458,test_images/3a0dd99d90ba44b98d177dc266ee79d5.jpg,Starbucks
459,test_images/ffea8528f49549efb05bfbe3254eda9f.jpg,Pepsi
460,test_images/745ca257853d4ff69d86bad0f4ce0134.jpg,Ford
461,test_images/7c7f1d578ddd4f0994f049e82cdc158c.jpg,Starbucks
462,test_images/c802249a62534a3dbf595282700efcf7.jpg,Mini
463,test_images/823e44fd1e1e4db088475acaef560241.jpg,Adidas
464,test_images/c74283f26f4b459a8c1e1d0faa7c284b.jpg,Cocacola
465,test_images/ac5d1ecb05ef481084fd7b9194aa5bdd.jpg,Apple
466,test_images/f715b5f95b534caf8872d14a7ef67e0a.jpg,Pepsi
467,test_images/5860bb46257345069f715b76bd9b9513.jpg,Adidas
468,test_images/ace74e4f70874593bd552498e29a2f4e.jpg,Cocacola
469,test_images/3fd42056c81147dfa3a0320d25119aed.jpg,Fedex
470,test_images/d298900e082b44d99158984400c5381b.jpg,Sprite
471,test_images/c6530b303ca84d43abf04fb0735fe394.jpg,Ford
472,test_images/d6a5929926fc4423bfafcf4bd10a0ae4.jpg,Unicef
473,test_images/e1c7242a07c14e4f88736b00dd4fe7fe.jpg,Puma
474,test_images/faf66957ad0c4542a7a654d16ffbe9bd.jpg,Citroen
475,test_images/375b1f6114e14dd98ce3243b0183e09c.jpg,BMW
476,test_images/6880c06b7ec44557b34e0c3deed38d8f.jpg,Porsche
477,test_images/5d18fdbb888b474696b48c8f7a180089.jpg,BMW
478,test_images/8df47d48716249afa4972a41ca9115bb.jpg,Yahoo
479,test_images/d81496bbb1f04095a23708d4b8dac095.jpg,Texaco
480,test_images/4f90fedfcf2b4fb98eb7864fce9d0f0b.jpg,Yahoo
481,test_images/be3e2f5a71ba40eba7a4697e1993c547.jpg,Adidas
482,test_images/d87aee3623324a55947877520637e283.jpg,BMW
483,test_images/51ed9be9f8cb4c7cb48366f7b18ec7a7.jpg,Nike
484,test_images/010df7d9fb6d4919a979155610c4ac51.jpg,Porsche
485,test_images/84cf6b59ffdf42fb9ae9497c9883f5b8.jpg,Puma
486,test_images/6a03a899487340ab8a84952c1327a988.jpg,Intel
487,test_images/b7acd4e18fba494596d05da3ba7eeeee.jpg,Unicef
488,test_images/be49bb2daa8a4e2fb71eeb98b042e738.jpg,McDonalds
489,test_images/563494a58f5d45c0ac6218caa680c645.jpg,Pepsi
490,test_images/f028a6b0f64a4bedb26af70dd2c4a21d.jpg,Texaco
491,test_images/599d99ccd78b4989b803396726a27018.jpg,Fedex
492,test_images/e3abe81b33a14191aa940cb93594e4b7.jpg,Adidas
493,test_images/4455a1e8441b4c2fb3e6f68452e13193.jpg,Fedex
494,test_images/491b5cb136bb4acaa092c981ffdaa368.jpg,DHL
495,test_images/de6a81ec0a384fd5ad8abac5fec1916c.jpg,Yahoo
496,test_images/920011c411254e2abebd08a649144be5.jpg,Citroen
497,test_images/8d9ed49ee7224e139baaf8c2f2ef60e5.jpg,Nike
498,test_images/a8779da068be45588b382ee08e849bf8.jpg,Starbucks
499,test_images/bd4907b521584837a0879944813e4f49.jpg,Nike
500,test_images/9b3eafa7e166465d985e072b6a5936b6.jpg,Sprite
501,test_images/ef5abd6446854f7b92e2016b0322cba0.jpg,McDonalds
502,test_images/369f381a6fdc4471ba8032b7a07e6125.jpg,Nike
503,test_images/874478b55b3b4e8eaf0c8a669702b33a.jpg,Pepsi
504,test_images/c9dde1b779a548e299e4b8536d32f12a.jpg,Nbc
505,test_images/86d88c2e4d53457a8db1431784a15079.jpg,RedBull
506,test_images/718cf4cc1f96465f93295a3918a48d94.jpg,Apple
507,test_images/b23d4ef123c346fe85deb6533e4b070e.jpg,Starbucks
508,test_images/442aeaece31d4830bd8c1fc4ff22e1d4.jpg,Apple
509,test_images/eb01fea8690f4e91b23770a8786a55de.jpg,Cocacola
510,test_images/0944e21b533349deafcbe59caed09dd5.jpg,Fedex
511,test_images/1872c2e9e9554256a9ac6458fad9c391.jpg,Mini
512,test_images/a4ecfbd28d4940b6a22069e4b8c211b3.jpg,Ford
513,test_images/f96666a2b3eb4481a88c2032a4fec510.jpg,Unicef
514,test_images/81280ad80b3143ae9db2b123cfcc5691.jpg,Adidas
515,test_images/ec25f8eac7294b40aff2d38b8af48fff.jpg,Pepsi
516,test_images/ce68a352dade44469147f202b2df8fa9.jpg,Pepsi
517,test_images/7182702f2ae64c05b3e4dfffb06f3cea.jpg,Nike
518,test_images/5b539c6c33434e7094b53893099e8af2.jpg,Google
519,test_images/42a20de20d784936a8bc879be676294a.jpg,DHL
520,test_images/95df96fc3ab1462bb5dc64464d55e83c.jpg,Sprite
521,test_images/1e0911c342c145b884144f4d4e979ae4.jpg,Pepsi
522,test_images/ccb979a9e3a342ddad5ba3688eca757c.jpg,Cocacola
523,test_images/7abe0a1d732140a8a9db67bc540f5bbd.jpg,Nike
524,test_images/32847288cd80477c9763e684478de9b8.jpg,Vodafone
525,test_images/3bb52ba729654103919d7e591d38ead5.jpg,Citroen
526,test_images/26ff64ecc0c648dd9eea07defd614736.jpg,Porsche
527,test_images/187202217f694e8cbd9bbc3d6089564a.jpg,Cocacola
528,test_images/d0d0a56b32dc4cd5ba2a8378674e9154.jpg,Cocacola
529,test_images/36a9b6434e0e486683dcbfffc19c751b.jpg,Unicef
530,test_images/2a3090ae36ee400496870583334438f5.jpg,Fedex
531,test_images/3ea11e439bdd4ea4bf044cc9cb0e7dd0.jpg,BMW
